Nama,Harga,Pick Up,Arrive
Keogh's Truffle and Irish Butter Potato Chips Snack Size,149.0,Pick UpToday Today,N/A
Keogh's Truffle and Irish Butter Potato Chips Snack Size,149.0,Pick UpToday Today,N/A
Keogh's Truffle and Irish Butter Potato Chips Snack Size,149.0,Pick UpToday Today,N/A
Keogh's Truffle and Irish Butter Potato Chips Snack Size,149.0,Pick UpToday Today,N/A
Keogh's Truffle and Irish Butter Potato Chips Snack Size,149.0,Pick UpToday Today,N/A
Keogh's Truffle and Irish Butter Potato Chips Snack Size,149.0,Pick UpToday Today,N/A
Keogh's Truffle and Irish Butter Potato Chips Snack Size,149.0,Pick UpToday Today,N/A
Keogh's Truffle and Irish Butter Potato Chips Snack Size,149.0,Pick UpToday Today,N/A
Keogh's Truffle and Irish Butter Potato Chips Snack Size,149.0,Pick UpToday Today,N/A
Keogh's Truffle and Irish Butter Potato Chips Snack Size,149.0,Pick UpToday Today,N/A
Keogh's Truffle and Irish Butter Potato Chips Snack Size,149.0,Pick UpToday Today,N/A
Keogh's Truffle and Irish Butter Potato Chips Snack Size,149.0,Pick UpToday Today,N/A
Keogh's Truffle and Irish Butter Potato Chips Snack Size,149.0,Pick UpToday Today,N/A
Gold Modern Cocktail Flatware Collection,299.0,Pick UpToday Today,Arrives in 4-10 Days
Gold Modern Cocktail Flatware Collection,299.0,Pick UpToday Today,Arrives in 4-10 Days
Gold Modern Cocktail Flatware Collection,299.0,Pick UpToday Today,Arrives in 4-10 Days
Gold Modern Cocktail Flatware Collection,299.0,Pick UpToday Today,Arrives in 4-10 Days
Gold Modern Cocktail Flatware Collection,299.0,Pick UpToday Today,Arrives in 4-10 Days
Gold Modern Cocktail Flatware Collection,299.0,Pick UpToday Today,Arrives in 4-10 Days
Gold Modern Cocktail Flatware Collection,299.0,Pick UpToday Today,Arrives in 4-10 Days
Gold Modern Cocktail Flatware Collection,299.0,Pick UpToday Today,Arrives in 4-10 Days
Gold Modern Cocktail Flatware Collection,299.0,Pick UpToday Today,Arrives in 4-10 Days
Gold Modern Cocktail Flatware Collection,299.0,Pick UpToday Today,Arrives in 4-10 Days
Gold Modern Cocktail Flatware Collection,299.0,Pick UpToday Today,Arrives in 4-10 Days
Gold Modern Cocktail Flatware Collection,299.0,Pick UpToday Today,Arrives in 4-10 Days
Gold Modern Cocktail Flatware Collection,299.0,Pick UpToday Today,Arrives in 4-10 Days
Bonne Maman Chocolate Shortbread Cookies 14 Pack,749.0,Pick UpToday Today,N/A
Bonne Maman Chocolate Shortbread Cookies 14 Pack,749.0,Pick UpToday Today,N/A
Bonne Maman Chocolate Shortbread Cookies 14 Pack,749.0,Pick UpToday Today,N/A
Bonne Maman Chocolate Shortbread Cookies 14 Pack,749.0,Pick UpToday Today,N/A
Bonne Maman Chocolate Shortbread Cookies 14 Pack,749.0,Pick UpToday Today,N/A
Bonne Maman Chocolate Shortbread Cookies 14 Pack,749.0,Pick UpToday Today,N/A
Bonne Maman Chocolate Shortbread Cookies 14 Pack,749.0,Pick UpToday Today,N/A
Bonne Maman Chocolate Shortbread Cookies 14 Pack,749.0,Pick UpToday Today,N/A
Bonne Maman Chocolate Shortbread Cookies 14 Pack,749.0,Pick UpToday Today,N/A
Bonne Maman Chocolate Shortbread Cookies 14 Pack,749.0,Pick UpToday Today,N/A
Bonne Maman Chocolate Shortbread Cookies 14 Pack,749.0,Pick UpToday Today,N/A
Bonne Maman Chocolate Shortbread Cookies 14 Pack,749.0,Pick UpToday Today,N/A
Bonne Maman Chocolate Shortbread Cookies 14 Pack,749.0,Pick UpToday Today,N/A
Green Boucle Fabric Pumpkin Decor,799.0,Pick UpToday Today,Arrives in 4-10 Days
Natural Rubber Wood Slotted Spoon,799.0,Pick UpToday Today,Arrives in 4-10 Days
Green Boucle Fabric Pumpkin Decor,799.0,Pick UpToday Today,Arrives in 4-10 Days
Green Boucle Fabric Pumpkin Decor,799.0,Pick UpToday Today,Arrives in 4-10 Days
Twig Serving Spoon,799.0,Pick UpToday Today,Arrives in 4-10 Days
Natural Rubber Wood Slotted Spoon,799.0,Pick UpToday Today,Arrives in 4-10 Days
Natural Rubber Wood Slotted Spoon,799.0,Pick UpToday Today,Arrives in 4-10 Days
Twig Serving Spoon,799.0,Pick UpToday Today,Arrives in 4-10 Days
Twig Serving Spoon,799.0,Pick UpToday Today,Arrives in 4-10 Days
Twig Serving Spoon,799.0,Pick UpToday Today,Arrives in 4-10 Days
Green Boucle Fabric Pumpkin Decor,799.0,Pick UpToday Today,Arrives in 4-10 Days
Green Boucle Fabric Pumpkin Decor,799.0,Pick UpToday Today,Arrives in 4-10 Days
Twig Serving Spoon,799.0,Pick UpToday Today,Arrives in 4-10 Days
Natural Rubber Wood Slotted Spoon,799.0,Pick UpToday Today,Arrives in 4-10 Days
Green Boucle Fabric Pumpkin Decor,799.0,Pick UpToday Today,Arrives in 4-10 Days
Twig Serving Spoon,799.0,Pick UpToday Today,Arrives in 4-10 Days
Natural Rubber Wood Slotted Spoon,799.0,Pick UpToday Today,Arrives in 4-10 Days
Green Boucle Fabric Pumpkin Decor,799.0,Pick UpToday Today,Arrives in 4-10 Days
Twig Serving Spoon,799.0,Pick UpToday Today,Arrives in 4-10 Days
Natural Rubber Wood Slotted Spoon,799.0,Pick UpToday Today,Arrives in 4-10 Days
Natural Rubber Wood Slotted Spoon,799.0,Pick UpToday Today,Arrives in 4-10 Days
Twig Serving Spoon,799.0,Pick UpToday Today,Arrives in 4-10 Days
Natural Rubber Wood Slotted Spoon,799.0,Pick UpToday Today,Arrives in 4-10 Days
Green Boucle Fabric Pumpkin Decor,799.0,Pick UpToday Today,Arrives in 4-10 Days
Twig Serving Spoon,799.0,Pick UpToday Today,Arrives in 4-10 Days
Natural Rubber Wood Slotted Spoon,799.0,Pick UpToday Today,Arrives in 4-10 Days
Green Boucle Fabric Pumpkin Decor,799.0,Pick UpToday Today,Arrives in 4-10 Days
Twig Serving Spoon,799.0,Pick UpToday Today,Arrives in 4-10 Days
Natural Rubber Wood Slotted Spoon,799.0,Pick UpToday Today,Arrives in 4-10 Days
Green Boucle Fabric Pumpkin Decor,799.0,Pick UpToday Today,Arrives in 4-10 Days
Green Boucle Fabric Pumpkin Decor,799.0,Pick UpToday Today,Arrives in 4-10 Days
Natural Rubber Wood Slotted Spoon,799.0,Pick UpToday Today,Arrives in 4-10 Days
Twig Serving Spoon,799.0,Pick UpToday Today,Arrives in 4-10 Days
Twig Serving Spoon,799.0,Pick UpToday Today,Arrives in 4-10 Days
Natural Rubber Wood Slotted Spoon,799.0,Pick UpToday Today,Arrives in 4-10 Days
Natural Rubber Wood Slotted Spoon,799.0,Pick UpToday Today,Arrives in 4-10 Days
Green Boucle Fabric Pumpkin Decor,799.0,Pick UpToday Today,Arrives in 4-10 Days
Twig Serving Spoon,799.0,Pick UpToday Today,Arrives in 4-10 Days
Green Boucle Fabric Pumpkin Decor,799.0,Pick UpToday Today,Arrives in 4-10 Days
The Republic of Tea Tangerine Yuzu Cold Brew Tea 6 Count,1199.0,Pick UpToday Today,Arrives in 4-10 Days
The Republic of Tea Tangerine Yuzu Cold Brew Tea 6 Count,1199.0,Pick UpToday Today,Arrives in 4-10 Days
Cafe Mexicano Veracruz Reserve Ground Coffee,1199.0,Pick UpToday Today,Arrives in 4-10 Days
The Republic of Tea Tangerine Yuzu Cold Brew Tea 6 Count,1199.0,Pick UpToday Today,Arrives in 4-10 Days
Cafe Mexicano Veracruz Reserve Ground Coffee,1199.0,Pick UpToday Today,Arrives in 4-10 Days
The Republic of Tea Tangerine Yuzu Cold Brew Tea 6 Count,1199.0,Pick UpToday Today,Arrives in 4-10 Days
Cafe Mexicano Veracruz Reserve Ground Coffee,1199.0,Pick UpToday Today,Arrives in 4-10 Days
Cafe Mexicano Veracruz Reserve Ground Coffee,1199.0,Pick UpToday Today,Arrives in 4-10 Days
The Republic of Tea Tangerine Yuzu Cold Brew Tea 6 Count,1199.0,Pick UpToday Today,Arrives in 4-10 Days
Cafe Mexicano Veracruz Reserve Ground Coffee,1199.0,Pick UpToday Today,Arrives in 4-10 Days
The Republic of Tea Tangerine Yuzu Cold Brew Tea 6 Count,1199.0,Pick UpToday Today,Arrives in 4-10 Days
The Republic of Tea Tangerine Yuzu Cold Brew Tea 6 Count,1199.0,Pick UpToday Today,Arrives in 4-10 Days
Cafe Mexicano Veracruz Reserve Ground Coffee,1199.0,Pick UpToday Today,Arrives in 4-10 Days
The Republic of Tea Tangerine Yuzu Cold Brew Tea 6 Count,1199.0,Pick UpToday Today,Arrives in 4-10 Days
Cafe Mexicano Veracruz Reserve Ground Coffee,1199.0,Pick UpToday Today,Arrives in 4-10 Days
Cafe Mexicano Veracruz Reserve Ground Coffee,1199.0,Pick UpToday Today,Arrives in 4-10 Days
The Republic of Tea Tangerine Yuzu Cold Brew Tea 6 Count,1199.0,Pick UpToday Today,Arrives in 4-10 Days
The Republic of Tea Tangerine Yuzu Cold Brew Tea 6 Count,1199.0,Pick UpToday Today,Arrives in 4-10 Days
Cafe Mexicano Veracruz Reserve Ground Coffee,1199.0,Pick UpToday Today,Arrives in 4-10 Days
The Republic of Tea Tangerine Yuzu Cold Brew Tea 6 Count,1199.0,Pick UpToday Today,Arrives in 4-10 Days
Cafe Mexicano Veracruz Reserve Ground Coffee,1199.0,Pick UpToday Today,Arrives in 4-10 Days
The Republic of Tea Tangerine Yuzu Cold Brew Tea 6 Count,1199.0,Pick UpToday Today,Arrives in 4-10 Days
Cafe Mexicano Veracruz Reserve Ground Coffee,1199.0,Pick UpToday Today,Arrives in 4-10 Days
Cafe Mexicano Veracruz Reserve Ground Coffee,1199.0,Pick UpToday Today,Arrives in 4-10 Days
The Republic of Tea Tangerine Yuzu Cold Brew Tea 6 Count,1199.0,Pick UpToday Today,Arrives in 4-10 Days
Cafe Mexicano Veracruz Reserve Ground Coffee,1199.0,Pick UpToday Today,Arrives in 4-10 Days
Antique Gold Metal Orb Taper Candle Holder,1299.0,Pick UpToday Today,Arrives in 4-10 Days
Antique Gold Metal Orb Taper Candle Holder,1299.0,Pick UpToday Today,Arrives in 4-10 Days
Antique Gold Metal Orb Taper Candle Holder,1299.0,Pick Up in7-14 Days 7-14 Days,Arrives in 4-10 Days
Antique Gold Metal Orb Taper Candle Holder,1299.0,Pick Up in7-14 Days 7-14 Days,Arrives in 4-10 Days
Antique Gold Metal Orb Taper Candle Holder,1299.0,Pick UpToday Today,Arrives in 4-10 Days
Antique Gold Metal Orb Taper Candle Holder,1299.0,Pick UpToday Today,Arrives in 4-10 Days
Antique Gold Metal Orb Taper Candle Holder,1299.0,Pick UpToday Today,Arrives in 4-10 Days
Antique Gold Metal Orb Taper Candle Holder,1299.0,Pick Up in7-14 Days 7-14 Days,Arrives in 4-10 Days
Antique Gold Metal Orb Taper Candle Holder,1299.0,Pick UpToday Today,Arrives in 4-10 Days
Antique Gold Metal Orb Taper Candle Holder,1299.0,Pick UpToday Today,Arrives in 4-10 Days
Antique Gold Metal Orb Taper Candle Holder,1299.0,Pick Up in7-14 Days 7-14 Days,Arrives in 4-10 Days
Antique Gold Metal Orb Taper Candle Holder,1299.0,Pick UpToday Today,Arrives in 4-10 Days
Antique Gold Metal Orb Taper Candle Holder,1299.0,Pick UpToday Today,Arrives in 4-10 Days
This Is Fine Talking Figurine Mini Kit,1395.0,Pick UpToday Today,Arrives in 4-10 Days
This Is Fine Talking Figurine Mini Kit,1395.0,Pick UpToday Today,Arrives in 4-10 Days
This Is Fine Talking Figurine Mini Kit,1395.0,Pick UpToday Today,Arrives in 4-10 Days
This Is Fine Talking Figurine Mini Kit,1395.0,Pick UpToday Today,Arrives in 4-10 Days
This Is Fine Talking Figurine Mini Kit,1395.0,Pick UpToday Today,Arrives in 4-10 Days
This Is Fine Talking Figurine Mini Kit,1395.0,Pick UpToday Today,Arrives in 4-10 Days
This Is Fine Talking Figurine Mini Kit,1395.0,Pick UpToday Today,Arrives in 4-10 Days
This Is Fine Talking Figurine Mini Kit,1395.0,Pick UpToday Today,Arrives in 4-10 Days
This Is Fine Talking Figurine Mini Kit,1395.0,Pick UpToday Today,Arrives in 4-10 Days
This Is Fine Talking Figurine Mini Kit,1395.0,Pick UpToday Today,Arrives in 4-10 Days
This Is Fine Talking Figurine Mini Kit,1395.0,Pick UpToday Today,Arrives in 4-10 Days
This Is Fine Talking Figurine Mini Kit,1395.0,Pick UpToday Today,Arrives in 4-10 Days
This Is Fine Talking Figurine Mini Kit,1395.0,Pick UpToday Today,Arrives in 4-10 Days
Black Multicolor Mushroom Forest Coir Doormat,1699.0,Pick UpToday Today,Arrives in 4-10 Days
Black Multicolor Mushroom Forest Coir Doormat,1699.0,Pick UpToday Today,Arrives in 4-10 Days
Black Multicolor Mushroom Forest Coir Doormat,1699.0,Pick Up in7-14 Days 7-14 Days,Arrives in 4-10 Days
Black Multicolor Mushroom Forest Coir Doormat,1699.0,Pick UpToday Today,Arrives in 4-10 Days
Black Multicolor Mushroom Forest Coir Doormat,1699.0,Pick UpToday Today,Arrives in 4-10 Days
Black Multicolor Mushroom Forest Coir Doormat,1699.0,Pick Up in7-14 Days 7-14 Days,Arrives in 4-10 Days
Black Multicolor Mushroom Forest Coir Doormat,1699.0,Pick Up in7-14 Days 7-14 Days,Arrives in 4-10 Days
Black Multicolor Mushroom Forest Coir Doormat,1699.0,Pick Up in7-14 Days 7-14 Days,Arrives in 4-10 Days
Black Multicolor Mushroom Forest Coir Doormat,1699.0,Pick UpToday Today,Arrives in 4-10 Days
Black Multicolor Mushroom Forest Coir Doormat,1699.0,Pick UpToday Today,Arrives in 4-10 Days
Black Multicolor Mushroom Forest Coir Doormat,1699.0,Pick UpToday Today,Arrives in 4-10 Days
Black Multicolor Mushroom Forest Coir Doormat,1699.0,Pick UpToday Today,Arrives in 4-10 Days
Black Multicolor Mushroom Forest Coir Doormat,1699.0,Pick UpToday Today,Arrives in 4-10 Days
Fall Fragrance Reed Diffuser,1799.0,Pick UpToday Today,Arrives in 4-10 Days
Fall Fragrance Reed Diffuser,1799.0,Pick UpToday Today,Arrives in 4-10 Days
Fall Fragrance Reed Diffuser,1799.0,Pick UpToday Today,Arrives in 4-10 Days
Fall Fragrance Reed Diffuser,1799.0,Pick UpToday Today,Arrives in 4-10 Days
Fall Fragrance Reed Diffuser,1799.0,Pick UpToday Today,Arrives in 4-10 Days
Fall Fragrance Reed Diffuser,1799.0,Pick UpToday Today,Arrives in 4-10 Days
Fall Fragrance Reed Diffuser,1799.0,Pick UpToday Today,Arrives in 4-10 Days
Fall Fragrance Reed Diffuser,1799.0,Pick UpToday Today,Arrives in 4-10 Days
Fall Fragrance Reed Diffuser,1799.0,Pick UpToday Today,Arrives in 4-10 Days
Fall Fragrance Reed Diffuser,1799.0,Pick UpToday Today,Arrives in 4-10 Days
Fall Fragrance Reed Diffuser,1799.0,Pick UpToday Today,Arrives in 4-10 Days
Fall Fragrance Reed Diffuser,1799.0,Pick UpToday Today,Arrives in 4-10 Days
Fall Fragrance Reed Diffuser,1799.0,Pick UpToday Today,Arrives in 4-10 Days
Natural Green Marble Fluted Trinket Box,2499.0,Pick Up in7-14 Days 7-14 Days,Arrives in 4-10 Days
Natural Green Marble Fluted Trinket Box,2499.0,Pick Up in7-14 Days 7-14 Days,Arrives in 4-10 Days
Natural Green Marble Fluted Trinket Box,2499.0,Pick Up in7-14 Days 7-14 Days,Arrives in 4-10 Days
Natural Green Marble Fluted Trinket Box,2499.0,Pick UpToday Today,Arrives in 4-10 Days
Natural Green Marble Fluted Trinket Box,2499.0,Pick UpToday Today,Arrives in 4-10 Days
Natural Green Marble Fluted Trinket Box,2499.0,Pick UpToday Today,Arrives in 4-10 Days
Natural Green Marble Fluted Trinket Box,2499.0,Pick Up in7-14 Days 7-14 Days,Arrives in 4-10 Days
Natural Green Marble Fluted Trinket Box,2499.0,Pick UpToday Today,Arrives in 4-10 Days
Natural Green Marble Fluted Trinket Box,2499.0,Pick UpToday Today,Arrives in 4-10 Days
Natural Green Marble Fluted Trinket Box,2499.0,Pick UpToday Today,Arrives in 4-10 Days
Natural Green Marble Fluted Trinket Box,2499.0,Pick UpToday Today,Arrives in 4-10 Days
Natural Green Marble Fluted Trinket Box,2499.0,Pick UpToday Today,Arrives in 4-10 Days
Natural Green Marble Fluted Trinket Box,2499.0,Pick UpToday Today,Arrives in 4-10 Days
Green Avocado Shaped Tufted Indoor Outdoor Throw Pillow,2999.0,Pick UpToday Today,Arrives in 4-10 Days
Coir Rope Knot Doormat,2999.0,Pick Up in7-14 Days 7-14 Days,Arrives in 4-10 Days
Red Cherry Shaped Indoor Outdoor Throw Pillow,2999.0,Pick Up in7-14 Days 7-14 Days,Arrives in 4-10 Days
Green Avocado Shaped Tufted Indoor Outdoor Throw Pillow,2999.0,Pick UpToday Today,Arrives in 4-10 Days
Olive Green Embroidered Cranes Throw Pillow,2999.0,Pick UpToday Today,Arrives in 4-10 Days
Olive Green Embroidered Cranes Throw Pillow,2999.0,Pick UpToday Today,Arrives in 4-10 Days
Red Cherry Shaped Indoor Outdoor Throw Pillow,2999.0,Pick UpToday Today,Arrives in 4-10 Days
Olive Green Embroidered Cranes Throw Pillow,2999.0,Pick Up in7-14 Days 7-14 Days,Arrives in 4-10 Days
Green Avocado Shaped Tufted Indoor Outdoor Throw Pillow,2999.0,Pick UpToday Today,Arrives in 4-10 Days
Coir Rope Knot Doormat,2999.0,Pick UpToday Today,Arrives in 4-10 Days
Green Avocado Shaped Tufted Indoor Outdoor Throw Pillow,2999.0,Pick UpToday Today,Arrives in 4-10 Days
Olive Green Embroidered Cranes Throw Pillow,2999.0,Pick UpToday Today,Arrives in 4-10 Days
Red Cherry Shaped Indoor Outdoor Throw Pillow,2999.0,Pick UpToday Today,Arrives in 4-10 Days
Coir Rope Knot Doormat,2999.0,Pick UpToday Today,Arrives in 4-10 Days
Red Cherry Shaped Indoor Outdoor Throw Pillow,2999.0,Pick UpToday Today,Arrives in 4-10 Days
Olive Green Embroidered Cranes Throw Pillow,2999.0,Pick UpToday Today,Arrives in 4-10 Days
Coir Rope Knot Doormat,2999.0,Pick UpToday Today,Arrives in 4-10 Days
Green Avocado Shaped Tufted Indoor Outdoor Throw Pillow,2999.0,Pick UpToday Today,Arrives in 4-10 Days
Red Cherry Shaped Indoor Outdoor Throw Pillow,2999.0,Pick UpToday Today,Arrives in 4-10 Days
Coir Rope Knot Doormat,2999.0,Pick UpToday Today,Arrives in 4-10 Days
Olive Green Embroidered Cranes Throw Pillow,2999.0,Pick UpToday Today,Arrives in 4-10 Days
Green Avocado Shaped Tufted Indoor Outdoor Throw Pillow,2999.0,Pick UpToday Today,Arrives in 4-10 Days
Green Avocado Shaped Tufted Indoor Outdoor Throw Pillow,2999.0,Pick UpToday Today,Arrives in 4-10 Days
Green Avocado Shaped Tufted Indoor Outdoor Throw Pillow,2999.0,Pick UpToday Today,Arrives in 4-10 Days
Green Avocado Shaped Tufted Indoor Outdoor Throw Pillow,2999.0,Pick UpToday Today,Arrives in 4-10 Days
Olive Green Embroidered Cranes Throw Pillow,2999.0,Pick UpToday Today,Arrives in 4-10 Days
Red Cherry Shaped Indoor Outdoor Throw Pillow,2999.0,Pick UpToday Today,Arrives in 4-10 Days
Green Avocado Shaped Tufted Indoor Outdoor Throw Pillow,2999.0,Pick UpToday Today,Arrives in 4-10 Days
Olive Green Embroidered Cranes Throw Pillow,2999.0,Pick UpToday Today,Arrives in 4-10 Days
Olive Green Embroidered Cranes Throw Pillow,2999.0,Pick Up in7-14 Days 7-14 Days,Arrives in 4-10 Days
Green Avocado Shaped Tufted Indoor Outdoor Throw Pillow,2999.0,Pick UpToday Today,Arrives in 4-10 Days
Olive Green Embroidered Cranes Throw Pillow,2999.0,Pick UpToday Today,Arrives in 4-10 Days
Red Cherry Shaped Indoor Outdoor Throw Pillow,2999.0,Pick UpToday Today,Arrives in 4-10 Days
Coir Rope Knot Doormat,2999.0,Pick UpToday Today,Arrives in 4-10 Days
Coir Rope Knot Doormat,2999.0,Pick UpToday Today,Arrives in 4-10 Days
Coir Rope Knot Doormat,2999.0,Pick UpToday Today,Arrives in 4-10 Days
Green Avocado Shaped Tufted Indoor Outdoor Throw Pillow,2999.0,Pick UpToday Today,Arrives in 4-10 Days
Coir Rope Knot Doormat,2999.0,Pick UpToday Today,Arrives in 4-10 Days
Olive Green Embroidered Cranes Throw Pillow,2999.0,Pick Up in7-14 Days 7-14 Days,Arrives in 4-10 Days
Red Cherry Shaped Indoor Outdoor Throw Pillow,2999.0,Pick UpToday Today,Arrives in 4-10 Days
Red Cherry Shaped Indoor Outdoor Throw Pillow,2999.0,Pick Up in7-14 Days 7-14 Days,Arrives in 4-10 Days
Red Cherry Shaped Indoor Outdoor Throw Pillow,2999.0,Pick UpToday Today,Arrives in 4-10 Days
Red Cherry Shaped Indoor Outdoor Throw Pillow,2999.0,Pick Up in7-14 Days 7-14 Days,Arrives in 4-10 Days
Olive Green Embroidered Cranes Throw Pillow,2999.0,Pick Up in7-14 Days 7-14 Days,Arrives in 4-10 Days
Red Cherry Shaped Indoor Outdoor Throw Pillow,2999.0,Pick Up in7-14 Days 7-14 Days,Arrives in 4-10 Days
Coir Rope Knot Doormat,2999.0,Pick UpToday Today,Arrives in 4-10 Days
Coir Rope Knot Doormat,2999.0,Pick Up in7-14 Days 7-14 Days,Arrives in 4-10 Days
Green Avocado Shaped Tufted Indoor Outdoor Throw Pillow,2999.0,Pick UpToday Today,Arrives in 4-10 Days
Red Cherry Shaped Indoor Outdoor Throw Pillow,2999.0,Pick UpToday Today,Arrives in 4-10 Days
Coir Rope Knot Doormat,2999.0,Pick Up in7-14 Days 7-14 Days,Arrives in 4-10 Days
Coir Rope Knot Doormat,2999.0,Pick Up in7-14 Days 7-14 Days,Arrives in 4-10 Days
Olive Green Embroidered Cranes Throw Pillow,2999.0,Pick UpToday Today,Arrives in 4-10 Days
Copper Patina Metal Floor Planter,4999.0,Pick UpToday Today,Arrives in 4-10 Days
Copper Patina Metal Floor Planter,4999.0,Pick UpToday Today,Arrives in 4-10 Days
Copper Patina Metal Floor Planter,4999.0,Pick UpToday Today,Arrives in 4-10 Days
Copper Patina Metal Floor Planter,4999.0,Pick UpToday Today,Arrives in 4-10 Days
Copper Patina Metal Floor Planter,4999.0,Pick UpToday Today,Arrives in 4-10 Days
Copper Patina Metal Floor Planter,4999.0,Pick UpToday Today,Arrives in 4-10 Days
Copper Patina Metal Floor Planter,4999.0,Pick UpToday Today,Arrives in 4-10 Days
Copper Patina Metal Floor Planter,4999.0,Pick UpToday Today,Arrives in 4-10 Days
Copper Patina Metal Floor Planter,4999.0,Pick UpToday Today,Arrives in 4-10 Days
Copper Patina Metal Floor Planter,4999.0,Pick UpToday Today,Arrives in 4-10 Days
Copper Patina Metal Floor Planter,4999.0,Pick UpToday Today,Arrives in 4-10 Days
Copper Patina Metal Floor Planter,4999.0,Pick UpToday Today,Arrives in 4-10 Days
Copper Patina Metal Floor Planter,4999.0,Pick UpToday Today,Arrives in 4-10 Days
Round Enameled Cast Iron Dutch Oven 5 Quart,5999.0,Pick UpToday Today,Arrives in 4-10 Days
Round Enameled Cast Iron Dutch Oven 5 Quart,5999.0,Pick UpToday Today,Arrives in 4-10 Days
Round Enameled Cast Iron Dutch Oven 5 Quart,5999.0,Pick UpToday Today,Arrives in 4-10 Days
Round Enameled Cast Iron Dutch Oven 5 Quart,5999.0,Pick UpToday Today,Arrives in 4-10 Days
Round Enameled Cast Iron Dutch Oven 5 Quart,5999.0,Pick UpToday Today,Arrives in 4-10 Days
Round Enameled Cast Iron Dutch Oven 5 Quart,5999.0,Pick UpToday Today,Arrives in 4-10 Days
Round Enameled Cast Iron Dutch Oven 5 Quart,5999.0,Pick UpToday Today,Arrives in 4-10 Days
Round Enameled Cast Iron Dutch Oven 5 Quart,5999.0,Pick UpToday Today,Arrives in 4-10 Days
Round Enameled Cast Iron Dutch Oven 5 Quart,5999.0,Pick UpToday Today,Arrives in 4-10 Days
Round Enameled Cast Iron Dutch Oven 5 Quart,5999.0,Pick UpToday Today,Arrives in 4-10 Days
Round Enameled Cast Iron Dutch Oven 5 Quart,5999.0,Pick UpToday Today,Arrives in 4-10 Days
Round Enameled Cast Iron Dutch Oven 5 Quart,5999.0,Pick UpToday Today,Arrives in 4-10 Days
Round Enameled Cast Iron Dutch Oven 5 Quart,5999.0,Pick UpToday Today,Arrives in 4-10 Days
Dutton Round Marble Top and Gold Metal Side Table,7999.0,Pick Up in7-14 Days 7-14 Days,Arrives in 9-19 Days
Dutton Round Marble Top and Gold Metal Side Table,7999.0,Pick Up in7-14 Days 7-14 Days,Arrives in 9-19 Days
Dutton Round Marble Top and Gold Metal Side Table,7999.0,Pick UpToday Today,Arrives in 9-19 Days
Dutton Round Marble Top and Gold Metal Side Table,7999.0,Pick UpToday Today,Arrives in 9-19 Days
Dutton Round Marble Top and Gold Metal Side Table,7999.0,Pick UpToday Today,Arrives in 9-19 Days
Dutton Round Marble Top and Gold Metal Side Table,7999.0,Pick UpToday Today,Arrives in 9-19 Days
Dutton Round Marble Top and Gold Metal Side Table,7999.0,Pick Up in7-14 Days 7-14 Days,Arrives in 9-19 Days
Dutton Round Marble Top and Gold Metal Side Table,7999.0,Pick Up in7-14 Days 7-14 Days,Arrives in 9-19 Days
Dutton Round Marble Top and Gold Metal Side Table,7999.0,Pick Up in7-14 Days 7-14 Days,Arrives in 9-19 Days
Dutton Round Marble Top and Gold Metal Side Table,7999.0,Pick Up in7-14 Days 7-14 Days,Arrives in 9-19 Days
Dutton Round Marble Top and Gold Metal Side Table,7999.0,Pick Up in7-14 Days 7-14 Days,Arrives in 9-19 Days
Dutton Round Marble Top and Gold Metal Side Table,7999.0,Pick Up in7-14 Days 7-14 Days,Arrives in 9-19 Days
Dutton Round Marble Top and Gold Metal Side Table,7999.0,Pick Up in7-14 Days 7-14 Days,Arrives in 9-19 Days
Lorna Tonal Solid Color Recycled Area Rug,9999.0,Pick Up in7-14 Days 7-14 Days,Arrives in 4-10 Days
Lorna Tonal Solid Color Recycled Area Rug,9999.0,Pick UpToday Today,Arrives in 4-10 Days
Lorna Tonal Solid Color Recycled Area Rug,9999.0,Pick UpToday Today,Arrives in 4-10 Days
Lorna Tonal Solid Color Recycled Area Rug,9999.0,Pick Up in7-14 Days 7-14 Days,Arrives in 4-10 Days
Lorna Tonal Solid Color Recycled Area Rug,9999.0,Pick UpToday Today,Arrives in 4-10 Days
Lorna Tonal Solid Color Recycled Area Rug,9999.0,Pick Up in7-14 Days 7-14 Days,Arrives in 4-10 Days
Lorna Tonal Solid Color Recycled Area Rug,9999.0,Pick UpToday Today,Arrives in 4-10 Days
Lorna Tonal Solid Color Recycled Area Rug,9999.0,Pick UpToday Today,Arrives in 4-10 Days
Lorna Tonal Solid Color Recycled Area Rug,9999.0,Pick UpToday Today,Arrives in 4-10 Days
Lorna Tonal Solid Color Recycled Area Rug,9999.0,Pick Up in7-14 Days 7-14 Days,Arrives in 4-10 Days
Lorna Tonal Solid Color Recycled Area Rug,9999.0,Pick UpToday Today,Arrives in 4-10 Days
Lorna Tonal Solid Color Recycled Area Rug,9999.0,Pick UpToday Today,Arrives in 4-10 Days
Lorna Tonal Solid Color Recycled Area Rug,9999.0,Pick UpToday Today,Arrives in 4-10 Days
Green Hand Painted Floral Wall Mirror,14999.0,Pick Up in7-14 Days 7-14 Days,Arrives in 4-10 Days
Green Hand Painted Floral Wall Mirror,14999.0,Pick Up in7-14 Days 7-14 Days,Arrives in 4-10 Days
Green Hand Painted Floral Wall Mirror,14999.0,Pick Up in7-14 Days 7-14 Days,Arrives in 4-10 Days
Green Hand Painted Floral Wall Mirror,14999.0,Pick Up in7-14 Days 7-14 Days,Arrives in 4-10 Days
Green Hand Painted Floral Wall Mirror,14999.0,Pick Up in7-14 Days 7-14 Days,Arrives in 4-10 Days
Green Hand Painted Floral Wall Mirror,14999.0,Pick Up in7-14 Days 7-14 Days,Arrives in 4-10 Days
Green Hand Painted Floral Wall Mirror,14999.0,Pick Up in7-14 Days 7-14 Days,Arrives in 4-10 Days
Green Hand Painted Floral Wall Mirror,14999.0,Pick Up in7-14 Days 7-14 Days,Arrives in 4-10 Days
Green Hand Painted Floral Wall Mirror,14999.0,Pick Up in7-14 Days 7-14 Days,Arrives in 4-10 Days
Green Hand Painted Floral Wall Mirror,14999.0,Pick Up in7-14 Days 7-14 Days,Arrives in 4-10 Days
Green Hand Painted Floral Wall Mirror,14999.0,Pick Up in7-14 Days 7-14 Days,Arrives in 4-10 Days
Green Hand Painted Floral Wall Mirror,14999.0,Pick Up in7-14 Days 7-14 Days,Arrives in 4-10 Days
Green Hand Painted Floral Wall Mirror,14999.0,Pick Up in7-14 Days 7-14 Days,Arrives in 4-10 Days
Dansen Umber Brown Wood Low Back Dining Armchair,19999.0,Pick Up in7-14 Days 7-14 Days,Arrives in 4-10 Days
Dansen Umber Brown Wood Low Back Dining Armchair,19999.0,Pick Up in7-14 Days 7-14 Days,Arrives in 4-10 Days
Yellow Metal Flower Figural 2 Light Floor Lamp,19999.0,Pick Up in7-14 Days 7-14 Days,Arrives in 4-10 Days
Yellow Metal Flower Figural 2 Light Floor Lamp,19999.0,Pick Up in7-14 Days 7-14 Days,Arrives in 4-10 Days
Dansen Umber Brown Wood Low Back Dining Armchair,19999.0,Pick Up in7-14 Days 7-14 Days,Arrives in 4-10 Days
Dansen Umber Brown Wood Low Back Dining Armchair,19999.0,Pick Up in7-14 Days 7-14 Days,Arrives in 4-10 Days
Yellow Metal Flower Figural 2 Light Floor Lamp,19999.0,Pick Up in7-14 Days 7-14 Days,Arrives in 4-10 Days
Dansen Umber Brown Wood Low Back Dining Armchair,19999.0,Pick Up in7-14 Days 7-14 Days,Arrives in 4-10 Days
Yellow Metal Flower Figural 2 Light Floor Lamp,19999.0,Pick Up in7-14 Days 7-14 Days,Arrives in 4-10 Days
Dansen Umber Brown Wood Low Back Dining Armchair,19999.0,Pick Up in7-14 Days 7-14 Days,Arrives in 4-10 Days
Yellow Metal Flower Figural 2 Light Floor Lamp,19999.0,Pick Up in7-14 Days 7-14 Days,Arrives in 4-10 Days
Dansen Umber Brown Wood Low Back Dining Armchair,19999.0,Pick Up in7-14 Days 7-14 Days,Arrives in 4-10 Days
Yellow Metal Flower Figural 2 Light Floor Lamp,19999.0,Pick Up in7-14 Days 7-14 Days,Arrives in 4-10 Days
Yellow Metal Flower Figural 2 Light Floor Lamp,19999.0,Pick Up in7-14 Days 7-14 Days,Arrives in 4-10 Days
Dansen Umber Brown Wood Low Back Dining Armchair,19999.0,Pick Up in7-14 Days 7-14 Days,Arrives in 4-10 Days
Yellow Metal Flower Figural 2 Light Floor Lamp,19999.0,Pick Up in7-14 Days 7-14 Days,Arrives in 4-10 Days
Yellow Metal Flower Figural 2 Light Floor Lamp,19999.0,Pick Up in7-14 Days 7-14 Days,Arrives in 4-10 Days
Dansen Umber Brown Wood Low Back Dining Armchair,19999.0,Pick Up in7-14 Days 7-14 Days,Arrives in 4-10 Days
Yellow Metal Flower Figural 2 Light Floor Lamp,19999.0,Pick Up in7-14 Days 7-14 Days,Arrives in 4-10 Days
Dansen Umber Brown Wood Low Back Dining Armchair,19999.0,Pick Up in7-14 Days 7-14 Days,Arrives in 4-10 Days
Dansen Umber Brown Wood Low Back Dining Armchair,19999.0,Pick Up in7-14 Days 7-14 Days,Arrives in 4-10 Days
Yellow Metal Flower Figural 2 Light Floor Lamp,19999.0,Pick Up in7-14 Days 7-14 Days,Arrives in 4-10 Days
Dansen Umber Brown Wood Low Back Dining Armchair,19999.0,Pick Up in7-14 Days 7-14 Days,Arrives in 4-10 Days
Yellow Metal Flower Figural 2 Light Floor Lamp,19999.0,Pick Up in7-14 Days 7-14 Days,Arrives in 4-10 Days
Yellow Metal Flower Figural 2 Light Floor Lamp,19999.0,Pick Up in7-14 Days 7-14 Days,Arrives in 4-10 Days
Dansen Umber Brown Wood Low Back Dining Armchair,19999.0,Pick Up in7-14 Days 7-14 Days,Arrives in 4-10 Days
Kenwick Round Marble Top and Wood Nesting Tables 2 Piece Set,39999.0,Pick UpToday Today,Arrives in 9-19 Days
Kenwick Round Marble Top and Wood Nesting Tables 2 Piece Set,39999.0,Pick Up in7-14 Days 7-14 Days,Arrives in 9-19 Days
Kenwick Round Marble Top and Wood Nesting Tables 2 Piece Set,39999.0,Pick UpToday Today,Arrives in 9-19 Days
Kenwick Round Marble Top and Wood Nesting Tables 2 Piece Set,39999.0,Pick Up in7-14 Days 7-14 Days,Arrives in 9-19 Days
Kenwick Round Marble Top and Wood Nesting Tables 2 Piece Set,39999.0,Pick UpToday Today,Arrives in 9-19 Days
Kenwick Round Marble Top and Wood Nesting Tables 2 Piece Set,39999.0,Pick Up in7-14 Days 7-14 Days,Arrives in 9-19 Days
Kenwick Round Marble Top and Wood Nesting Tables 2 Piece Set,39999.0,Pick Up in7-14 Days 7-14 Days,Arrives in 9-19 Days
Kenwick Round Marble Top and Wood Nesting Tables 2 Piece Set,39999.0,Pick Up in7-14 Days 7-14 Days,Arrives in 9-19 Days
Kenwick Round Marble Top and Wood Nesting Tables 2 Piece Set,39999.0,Pick UpToday Today,Arrives in 9-19 Days
Kenwick Round Marble Top and Wood Nesting Tables 2 Piece Set,39999.0,Pick Up in7-14 Days 7-14 Days,Arrives in 9-19 Days
Kenwick Round Marble Top and Wood Nesting Tables 2 Piece Set,39999.0,Pick Up in7-14 Days 7-14 Days,Arrives in 9-19 Days
Kenwick Round Marble Top and Wood Nesting Tables 2 Piece Set,39999.0,Pick Up in7-14 Days 7-14 Days,Arrives in 9-19 Days
Kenwick Round Marble Top and Wood Nesting Tables 2 Piece Set,39999.0,Pick Up in7-14 Days 7-14 Days,Arrives in 9-19 Days
Claudius Sand Chenille Scatter Back Pillow Sofa,99999.0,Pick Up in7-14 Days 7-14 Days,Arrives in 9-19 Days
Claudius Sand Chenille Scatter Back Pillow Sofa,99999.0,Pick Up in7-14 Days 7-14 Days,Arrives in 9-19 Days
Claudius Sand Chenille Scatter Back Pillow Sofa,99999.0,Pick Up in7-14 Days 7-14 Days,Arrives in 9-19 Days
Claudius Sand Chenille Scatter Back Pillow Sofa,99999.0,Pick Up in7-14 Days 7-14 Days,Arrives in 9-19 Days
Claudius Sand Chenille Scatter Back Pillow Sofa,99999.0,Pick Up in7-14 Days 7-14 Days,Arrives in 9-19 Days
Claudius Sand Chenille Scatter Back Pillow Sofa,99999.0,Pick Up in7-14 Days 7-14 Days,Arrives in 9-19 Days
Claudius Sand Chenille Scatter Back Pillow Sofa,99999.0,Pick Up in7-14 Days 7-14 Days,Arrives in 9-19 Days
Claudius Sand Chenille Scatter Back Pillow Sofa,99999.0,Pick Up in7-14 Days 7-14 Days,Arrives in 9-19 Days
Claudius Sand Chenille Scatter Back Pillow Sofa,99999.0,Pick Up in7-14 Days 7-14 Days,Arrives in 9-19 Days
Claudius Sand Chenille Scatter Back Pillow Sofa,99999.0,Pick Up in7-14 Days 7-14 Days,Arrives in 9-19 Days
Claudius Sand Chenille Scatter Back Pillow Sofa,99999.0,Pick Up in7-14 Days 7-14 Days,Arrives in 9-19 Days
Claudius Sand Chenille Scatter Back Pillow Sofa,99999.0,Pick Up in7-14 Days 7-14 Days,Arrives in 9-19 Days
Claudius Sand Chenille Scatter Back Pillow Sofa,99999.0,Pick Up in7-14 Days 7-14 Days,Arrives in 9-19 Days
