username,join_date,age,gender
sothis,05/22/2002,,f
mahius,06/10/2014,,m
ladieburd,03/02/2009,,f
Aerythrin,01/19/2015,31,
Halex,08/18/2013,,m
cassiesheepgirl,06/29/2007,38,f
vivafruit,11/27/2004,39,m
fullmetaldragon,12/21/2015,24,f
trashcan007,10/07/2023,100,m
Bacon41,08/04/2012,32,m
schiagus,07/02/2016,28,m
felice,01/23/2011,29,f
obitouzumaki,01/03/2019,20,m
GeminiRabbit,11/14/2019,,f
thatanimesnob,12/22/2011,42,m
saitama125,01/13/2016,31,
bigdumbohface,09/22/2014,,
WolfAngelus,11/14/2015,,m
starworth,11/15/2021,34,
caseyjewels,03/29/2011,33,f
beth0410,12/20/2014,25,f
sheex,07/11/2007,35,m
vivisqueen,01/19/2006,,
EnjuAiharaFan,04/22/2016,,f
VongolaUndici1196,03/05/2013,27,m
murryspeer,02/03/2017,25,f
nushinigami,01/11/2016,31,
alala,06/26/2010,35,f
klitch,07/21/2009,35,m
noel312,07/22/2012,,f
flamespeedy,09/19/2011,28,m
Ryuubus,03/19/2017,27,f
yanagi13,12/11/2010,29,f
lordstar2,04/28/2020,,
virdelet,01/15/2010,31,m
hellzblade,06/10/2011,34,
igugh0s7,07/30/2015,32,m
yessensei,02/12/2016,27,
duchessliz,01/05/2012,,f
devillmaycry,01/10/2016,,m
Mayank,03/14/2019,27,m
AnnaSartin,08/31/2014,,f
thywqqnqq,02/06/2021,27,
bloom19,05/23/2021,24,f
jehowi,01/05/2013,33,m
yuiyui,02/25/2013,24,f
eiraza,03/24/2015,28,f
InnocentSmile,07/19/2013,,
Silvernotebook,10/09/2015,24,f
aryancoconut,04/16/2017,25,f
mayobe,02/03/2013,,
kevlarthian,07/31/2018,34,
ragingfury,10/13/2009,30,m
woziu,03/21/2018,24,m
kliu15,12/21/2021,38,
knoxyal,06/06/2018,27,f
lagore,04/09/2008,,m
codeblazefate,04/27/2017,23,
lou6972,02/18/2015,32,m
littlechomp,10/21/2009,,f
NorthPole,12/01/2011,,
lindltailor,01/17/2010,32,m
royaloss,06/01/2014,34,m
mykejinx89,03/31/2014,35,m
Epimondas,03/23/2015,,
imbeast,10/14/2019,33,
parsafakhar,12/22/2017,27,m
ivanlacee,12/30/2015,28,m
tatsukishi,10/23/2013,33,m
kaeonice,12/16/2019,,f
pikachu203,04/11/2013,27,f
vicktus,11/23/2011,36,m
thepatches,06/11/2009,41,m
spectrum229,12/02/2019,24,
Morikochan,09/06/2018,23,
Thanh2003,06/22/2022,21,
mariprosa,11/15/2007,40,f
gzerble,01/05/2015,,
YariMari,08/23/2015,28,f
Burkirk,04/18/2022,25,
starletka,08/07/2009,31,f
jvanimereviews,10/16/2014,30,m
interregnum,08/23/2016,,m
Diddiken,10/29/2015,,m
captivus,09/15/2017,37,
simanbotond,05/28/2021,35,m
frykigamer,02/26/2021,,m
Raikenzom,07/12/2021,24,
wyr3d,05/14/2010,,m
billclinton69,05/31/2018,21,m
rbastid,03/13/2010,39,m
kirarin,04/02/2008,42,f
hamletsmage,04/17/2011,,f
HH223,08/18/2015,29,m
badxluck,08/25/2011,26,f
nasreen10,06/03/2009,,f
killermouze,12/22/2009,36,m
crua9,03/02/2019,36,m
thelittleprince,02/17/2019,19,m
blurredexistence,10/20/2012,41,m
asahihamadaxx,05/22/2022,24,
FoodLife,04/17/2020,,
Re1nhard,01/10/2022,,m
silliussodus,12/27/2017,,m
jalmaries,06/20/2016,24,m
hazeltopaz,02/08/2021,25,f
elad1,01/26/2022,25,
itachi16785,04/23/2024,,
porramal,05/30/2018,30,m
charvisioku,11/12/2012,31,f
wolfangelus,11/14/2015,,m
farcide,08/08/2015,,
flip2012,06/10/2013,26,m
halochan,11/14/2016,22,f
hazzardoblivion,10/14/2012,30,m
minehero,07/21/2014,34,
zarakiuchiha,06/30/2017,26,m
InvalidCookie,12/23/2013,27,m
tsukivalo,04/18/2014,,f
itarusaki,03/20/2020,20,f
SeprithLiCastia,08/10/2015,31,m
varagauzer,04/12/2012,,m
lvand,06/13/2015,,m
kidkonseptual,02/20/2010,,m
apoc9,11/22/2011,39,m
chinesewick,02/09/2020,25,m
akkandukuri,01/21/2016,,m
susanna,12/12/2015,24,
Feinraf,06/13/2012,,m
alfie02,07/05/2018,22,m
anakgrigore,06/02/2018,28,f
inu12,12/13/2017,31,m
NightTonight,01/04/2016,26,
sw00ty,07/06/2016,28,
umbrellas123,04/03/2017,,f
jstenneg,05/31/2020,43,
inu230,01/29/2016,,
lullabi,05/12/2019,22,
kelvinchan9786,02/28/2020,43,
noanimenolife21,07/31/2021,31,
rodlego10,12/24/2019,25,
theroguenob,04/08/2019,27,m
bravo0723,01/25/2017,54,m
victoireblanc,01/06/2018,23,
KrisDFC,08/26/2011,28,m
uhhhpmz,11/18/2020,23,
llamaliciousarts,12/23/2014,33,f
rosecandle16,05/15/2018,,f
rrrnier,12/24/2016,23,
muonsei,07/21/2015,26,f
infantmite44654,02/18/2021,24,
cthulhumythulhu,01/11/2015,33,f
captainpancakes,06/19/2013,25,
mockingentropy,01/17/2015,29,m
staceylee07,07/04/2014,,f
theedgelordannasui,11/06/2016,24,f
sianeka,05/02/2013,,f
Backlogsolong,03/10/2023,,f
ClawfootQueen,11/07/2019,38,
gunarmdyne,03/10/2009,54,
Shirokuma,11/12/2014,27,f
sailnir,01/08/2019,27,
stressedjunior,06/20/2020,24,m
zoologykam,12/18/2013,33,
thesocialite,09/22/2016,48,m
ryuusakuya,05/16/2020,,f
itsauntycandy,01/21/2020,41,
nerdatlas,03/31/2015,28,f
